[
    {
        "id": 1,
        "priority": 1,
        "action": {
            "type": "modifyHeaders",
            "responseHeaders": [
                {
                    "header": "x-frame-options",
                    "operation": "remove"
                },
                {
                    "header": "content-security-policy",
                    "operation": "remove"
                }
            ]
        },
        "condition": {
            "resourceTypes": ["sub_frame"]
        }
    }
]